data_type	isolate	species	accession	repository	notes
raw_sequencing_data	all_isolates	Myxobolus_spp.	PRJNA1377137	NCBI_BioProject	BioProject listed in the manuscript Data Availability statement
raw_sequencing_data	all_isolates	Myxobolus_spp.	PRJNA1453518	NCBI_BioProject	BioProject listed in the manuscript Data Availability statement
mitochondrial_genome	QD	Myxobolus_episquamalis	PX674009.1	GenBank	Complete circular mitochondrial genome
mitochondrial_genome	XM	Myxobolus_episquamalis	PX674010.1	GenBank	Complete circular mitochondrial genome
mitochondrial_genome	TZ	Myxobolus_pronini	PZ514093.1	GenBank	Complete circular mitochondrial genome
mitochondrial_genome	XY	Myxobolus_pronini	PZ514094.1	GenBank	Complete circular mitochondrial genome
SSU_rDNA	QD	Myxobolus_episquamalis	OR621296.1	GenBank	Species-identification sequence
SSU_rDNA	XM	Myxobolus_episquamalis	PZ580198.1	GenBank	Species-identification sequence
SSU_rDNA	TZ	Myxobolus_pronini	PZ564097.1	GenBank	Species-identification sequence
SSU_rDNA	XY	Myxobolus_pronini	PZ575193.1	GenBank	Species-identification sequence

