tree_taxon	matrix_taxon
GCA_000827895	Thelohanellus_kitauei
GCA_001407335	Kudoa_iwatai
GCA_001455285	Sphaeromyxa_zaharoni
GCA_001455295	Enteromyxum_leei
GCA_009887335	Henneguya_salminicola
GCA_010108815	Myxobolus_squamalis
GCA_022478855	Myxobolus_honghuensis
GCA_038396675	Hydra_vulgaris
GCA_040938965	Ellipsomyxa_sp
GCA_040939035	Myxosporea_sp
GCA_041296195	Myxobolus_sp
GCA_918559645	Ceratonova_shasta
GCA_964275015	Kudoa_sp
GCA_964304625	Kudoa_neothunni
Mepisquamalis_QD	Myxobolus_episquamalis_QD
Mepisquamalis_XM	Myxobolus_episquamalis_XM
Mpronini_TZ	Myxobolus_pronini_TZ
Mpronini_XY	Myxobolus_pronini_XY
