gene	module	sector_order	overall_order
NDUFS1	CI	1	1
NDUFS2	CI	2	2
NDUFS3	CI	3	3
NDUFS7	CI	4	4
NDUFS8	CI	5	5
NDUFV1	CI	6	6
SDHA	CII	1	7
SDHB	CII	2	8
SDHC	CII	3	9
SDHD	CII	4	10
SDHAF1	CII	5	11
SDHAF2	CII	6	12
UQCRC1	CIII	1	13
UQCRC2	CIII	2	14
UQCRFS1	CIII	3	15
UQCRQ	CIII	4	16
UQCRB	CIII	5	17
UQCR10	CIII	6	18
COX4I1	CIV	1	19
COX5A	CIV	2	20
COX5B	CIV	3	21
COX6A	CIV	4	22
COX6B	CIV	5	23
COX7C	CIV	6	24
ATP5F1A	CV	1	25
ATP5F1B	CV	2	26
ATP5F1G	CV	3	27
ATP5MC1	CV	4	28
ATP5ME	CV	5	29
ATP5PB	CV	6	30
CS	TCA	1	31
ACO2	TCA	2	32
IDH3A	TCA	3	33
OGDH	TCA	4	34
FH	TCA	5	35
MDH2	TCA	6	36
PDHA1	PDH	1	37
PDHB	PDH	2	38
DLAT	PDH	3	39
DLD	PDH	4	40
PDK	PDH	5	41
PDP1	PDH	6	42
NFS1	ISC	1	43
ISCU	ISC	2	44
FXN	ISC	3	45
GLRX5	ISC	4	46
ISCA1	ISC	5	47
NFU1	ISC	6	48
