1001705at2759	49	71	0.6901408450704225
1003258at2759	42	71	0.5915492957746479
100698at2759	55	71	0.7746478873239436
1010730at2759	52	71	0.7323943661971831
1014314at2759	53	71	0.7464788732394366
1018517at2759	55	71	0.7746478873239436
1019762at2759	34	71	0.4788732394366197
1025450at2759	44	71	0.6197183098591549
1030907at2759	28	71	0.39436619718309857
1032689at2759	54	71	0.7605633802816901
1038775at2759	39	71	0.5492957746478874
1041560at2759	35	71	0.49295774647887325
1049599at2759	40	71	0.5633802816901409
1051021at2759	62	71	0.8732394366197183
1053181at2759	45	71	0.6338028169014085
1057950at2759	44	71	0.6197183098591549
1065019at2759	38	71	0.5352112676056338
1076134at2759	56	71	0.7887323943661971
1079130at2759	57	71	0.8028169014084507
1079827at2759	53	71	0.7464788732394366
1085752at2759	44	71	0.6197183098591549
1087488at2759	46	71	0.647887323943662
1090038at2759	60	71	0.8450704225352113
1094121at2759	46	71	0.647887323943662
1096688at2759	55	71	0.7746478873239436
1106766at2759	57	71	0.8028169014084507
1107630at2759	44	71	0.6197183098591549
1108845at2759	39	71	0.5492957746478874
1111142at2759	38	71	0.5352112676056338
1112002at2759	14	71	0.19718309859154928
1115196at2759	53	71	0.7464788732394366
1128607at2759	44	71	0.6197183098591549
1129824at2759	34	71	0.4788732394366197
1138059at2759	42	71	0.5915492957746479
1157302at2759	59	71	0.8309859154929577
1161199at2759	45	71	0.6338028169014085
1173229at2759	36	71	0.5070422535211268
1178688at2759	48	71	0.676056338028169
1182451at2759	44	71	0.6197183098591549
1193442at2759	41	71	0.5774647887323944
1194691at2759	42	71	0.5915492957746479
1194797at2759	43	71	0.6056338028169014
1197019at2759	48	71	0.676056338028169
1200489at2759	55	71	0.7746478873239436
1217666at2759	53	71	0.7464788732394366
1220881at2759	38	71	0.5352112676056338
1222562at2759	50	71	0.704225352112676
1223488at2759	51	71	0.7183098591549296
1228942at2759	47	71	0.6619718309859155
1233814at2759	54	71	0.7605633802816901
1236198at2759	58	71	0.8169014084507042
1247641at2759	43	71	0.6056338028169014
1248958at2759	47	71	0.6619718309859155
1249159at2759	46	71	0.647887323943662
1251252at2759	51	71	0.7183098591549296
1257440at2759	55	71	0.7746478873239436
1258856at2759	36	71	0.5070422535211268
1259741at2759	44	71	0.6197183098591549
1260807at2759	56	71	0.7887323943661971
1264469at2759	55	71	0.7746478873239436
1266231at2759	50	71	0.704225352112676
1269244at2759	40	71	0.5633802816901409
1269649at2759	55	71	0.7746478873239436
1275837at2759	45	71	0.6338028169014085
1284731at2759	42	71	0.5915492957746479
1287094at2759	48	71	0.676056338028169
1287401at2759	48	71	0.676056338028169
1291729at2759	66	71	0.9295774647887324
1304061at2759	48	71	0.676056338028169
1309031at2759	36	71	0.5070422535211268
1312453at2759	36	71	0.5070422535211268
1314980at2759	44	71	0.6197183098591549
1322299at2759	60	71	0.8450704225352113
1322642at2759	59	71	0.8309859154929577
1323575at2759	45	71	0.6338028169014085
1324510at2759	39	71	0.5492957746478874
1338131at2759	57	71	0.8028169014084507
1339553at2759	35	71	0.49295774647887325
1342242at2759	56	71	0.7887323943661971
1346165at2759	48	71	0.676056338028169
1346432at2759	49	71	0.6901408450704225
1348942at2759	26	71	0.36619718309859156
1355894at2759	53	71	0.7464788732394366
1358374at2759	48	71	0.676056338028169
1364586at2759	33	71	0.4647887323943662
1370285at2759	40	71	0.5633802816901409
1370304at2759	38	71	0.5352112676056338
1377237at2759	48	71	0.676056338028169
1379600at2759	42	71	0.5915492957746479
1380409at2759	46	71	0.647887323943662
1382842at2759	45	71	0.6338028169014085
1395649at2759	41	71	0.5774647887323944
1398309at2759	42	71	0.5915492957746479
1404162at2759	52	71	0.7323943661971831
1405073at2759	53	71	0.7464788732394366
1405146at2759	44	71	0.6197183098591549
1407446at2759	40	71	0.5633802816901409
1421503at2759	56	71	0.7887323943661971
1423847at2759	55	71	0.7746478873239436
142542at2759	47	71	0.6619718309859155
1426075at2759	53	71	0.7464788732394366
1428265at2759	30	71	0.4225352112676056
1428854at2759	49	71	0.6901408450704225
1430056at2759	47	71	0.6619718309859155
1432328at2759	42	71	0.5915492957746479
1434266at2759	47	71	0.6619718309859155
1440961at2759	44	71	0.6197183098591549
1441854at2759	51	71	0.7183098591549296
1442062at2759	29	71	0.4084507042253521
1445102at2759	39	71	0.5492957746478874
1450538at2759	40	71	0.5633802816901409
1454155at2759	51	71	0.7183098591549296
1455730at2759	57	71	0.8028169014084507
1459797at2759	52	71	0.7323943661971831
1474000at2759	33	71	0.4647887323943662
1479417at2759	64	71	0.9014084507042254
1488235at2759	59	71	0.8309859154929577
1488436at2759	58	71	0.8169014084507042
1490022at2759	34	71	0.4788732394366197
1504863at2759	62	71	0.8732394366197183
1513531at2759	46	71	0.647887323943662
1525971at2759	44	71	0.6197183098591549
1526152at2759	45	71	0.6338028169014085
1530008at2759	36	71	0.5070422535211268
1538526at2759	51	71	0.7183098591549296
1545004at2759	55	71	0.7746478873239436
1552706at2759	44	71	0.6197183098591549
1558822at2759	36	71	0.5070422535211268
156083at2759	53	71	0.7464788732394366
1563319at2759	44	71	0.6197183098591549
1567796at2759	45	71	0.6338028169014085
1575179at2759	41	71	0.5774647887323944
1576404at2759	58	71	0.8169014084507042
1588798at2759	50	71	0.704225352112676
1593937at2759	29	71	0.4084507042253521
160593at2759	39	71	0.5492957746478874
1617752at2759	52	71	0.7323943661971831
1620056at2759	45	71	0.6338028169014085
1623701at2759	59	71	0.8309859154929577
1626636at2759	54	71	0.7605633802816901
1633672at2759	47	71	0.6619718309859155
1645187at2759	45	71	0.6338028169014085
166920at2759	48	71	0.676056338028169
176625at2759	41	71	0.5774647887323944
179362at2759	22	71	0.30985915492957744
245208at2759	56	71	0.7887323943661971
257318at2759	46	71	0.647887323943662
261328at2759	39	71	0.5492957746478874
261419at2759	38	71	0.5352112676056338
270107at2759	39	71	0.5492957746478874
271586at2759	27	71	0.38028169014084506
290630at2759	53	71	0.7464788732394366
293315at2759	31	71	0.43661971830985913
296129at2759	54	71	0.7605633802816901
299766at2759	41	71	0.5774647887323944
306227at2759	45	71	0.6338028169014085
320059at2759	52	71	0.7323943661971831
324863at2759	55	71	0.7746478873239436
325552at2759	34	71	0.4788732394366197
330169at2759	43	71	0.6056338028169014
331411at2759	39	71	0.5492957746478874
341721at2759	29	71	0.4084507042253521
345441at2759	39	71	0.5492957746478874
355408at2759	55	71	0.7746478873239436
369837at2759	47	71	0.6619718309859155
375960at2759	40	71	0.5633802816901409
383503at2759	48	71	0.676056338028169
388820at2759	43	71	0.6056338028169014
390348at2759	41	71	0.5774647887323944
392369at2759	48	71	0.676056338028169
39650at2759	43	71	0.6056338028169014
396755at2759	47	71	0.6619718309859155
418107at2759	56	71	0.7887323943661971
426305at2759	57	71	0.8028169014084507
450058at2759	46	71	0.647887323943662
453044at2759	46	71	0.647887323943662
457861at2759	46	71	0.647887323943662
464990at2759	37	71	0.5211267605633803
491869at2759	43	71	0.6056338028169014
513979at2759	36	71	0.5070422535211268
543764at2759	50	71	0.704225352112676
549762at2759	41	71	0.5774647887323944
551907at2759	36	71	0.5070422535211268
570797at2759	41	71	0.5774647887323944
582756at2759	60	71	0.8450704225352113
598949at2759	41	71	0.5774647887323944
604979at2759	56	71	0.7887323943661971
621827at2759	39	71	0.5492957746478874
625387at2759	37	71	0.5211267605633803
655400at2759	41	71	0.5774647887323944
664730at2759	58	71	0.8169014084507042
671536at2759	46	71	0.647887323943662
671846at2759	39	71	0.5492957746478874
673132at2759	44	71	0.6197183098591549
674160at2759	37	71	0.5211267605633803
674169at2759	37	71	0.5211267605633803
679187at2759	42	71	0.5915492957746479
679771at2759	35	71	0.49295774647887325
687505at2759	42	71	0.5915492957746479
692986at2759	41	71	0.5774647887323944
708105at2759	41	71	0.5774647887323944
719531at2759	44	71	0.6197183098591549
720340at2759	47	71	0.6619718309859155
721605at2759	37	71	0.5211267605633803
722805at2759	33	71	0.4647887323943662
734341at2759	46	71	0.647887323943662
734666at2759	43	71	0.6056338028169014
736068at2759	47	71	0.6619718309859155
751335at2759	39	71	0.5492957746478874
759498at2759	43	71	0.6056338028169014
761109at2759	36	71	0.5070422535211268
768809at2759	51	71	0.7183098591549296
774318at2759	49	71	0.6901408450704225
777920at2759	46	71	0.647887323943662
779909at2759	41	71	0.5774647887323944
801857at2759	54	71	0.7605633802816901
814241at2759	43	71	0.6056338028169014
817008at2759	53	71	0.7464788732394366
834694at2759	58	71	0.8169014084507042
836599at2759	40	71	0.5633802816901409
83779at2759	45	71	0.6338028169014085
844748at2759	36	71	0.5070422535211268
855834at2759	41	71	0.5774647887323944
858842at2759	55	71	0.7746478873239436
865202at2759	53	71	0.7464788732394366
866359at2759	38	71	0.5352112676056338
869548at2759	39	71	0.5492957746478874
878143at2759	42	71	0.5915492957746479
87842at2759	41	71	0.5774647887323944
887370at2759	42	71	0.5915492957746479
891751at2759	48	71	0.676056338028169
898782at2759	3	71	0.04225352112676056
901894at2759	44	71	0.6197183098591549
905026at2759	44	71	0.6197183098591549
911863at2759	48	71	0.676056338028169
917326at2759	49	71	0.6901408450704225
918816at2759	40	71	0.5633802816901409
919955at2759	30	71	0.4225352112676056
923657at2759	45	71	0.6338028169014085
924753at2759	37	71	0.5211267605633803
931188at2759	59	71	0.8309859154929577
937275at2759	24	71	0.3380281690140845
937686at2759	42	71	0.5915492957746479
939345at2759	50	71	0.704225352112676
944899at2759	55	71	0.7746478873239436
946128at2759	40	71	0.5633802816901409
956854at2759	44	71	0.6197183098591549
97116at2759	59	71	0.8309859154929577
973442at2759	36	71	0.5070422535211268
974865at2759	39	71	0.5492957746478874
975158at2759	43	71	0.6056338028169014
975557at2759	51	71	0.7183098591549296
976469at2759	38	71	0.5352112676056338
981902at2759	38	71	0.5352112676056338
996662at2759	40	71	0.5633802816901409
