species	C	S	D	F	M	n	summary_file
GCA_000827895	87	85	2	41	127	255	GCA_000827895/run_eukaryota_odb10/short_summary.txt
GCA_001407335	79	58	21	44	132	255	GCA_001407335/run_eukaryota_odb10/short_summary.txt
GCA_001455285	79	29	50	62	114	255	GCA_001455285/run_eukaryota_odb10/short_summary.txt
GCA_001455295	61	54	7	56	138	255	GCA_001455295/run_eukaryota_odb10/short_summary.txt
GCA_009887335	87	87	0	52	116	255	GCA_009887335/run_eukaryota_odb10/short_summary.txt
GCA_010108815	69	69	0	44	142	255	GCA_010108815/run_eukaryota_odb10/short_summary.txt
GCA_022478855	30	30	0	64	161	255	GCA_022478855/run_eukaryota_odb10/short_summary.txt
GCA_040938965	86	86	0	40	129	255	GCA_040938965/run_eukaryota_odb10/short_summary.txt
GCA_040939035	56	55	1	30	169	255	GCA_040939035/run_eukaryota_odb10/short_summary.txt
GCA_041296195	77	76	1	49	129	255	GCA_041296195/run_eukaryota_odb10/short_summary.txt
GCA_918559645	66	64	2	31	158	255	GCA_918559645/run_eukaryota_odb10/short_summary.txt
GCA_964275015	85	85	0	42	128	255	GCA_964275015/run_eukaryota_odb10/short_summary.txt
GCA_964304625	94	94	0	35	126	255	GCA_964304625/run_eukaryota_odb10/short_summary.txt
Mepisquamalis_QD	71	71	0	65	119	255	Mepisquamalis_QD/run_eukaryota_odb10/short_summary.txt
Mepisquamalis_XM	48	48	0	83	124	255	Mepisquamalis_XM/run_eukaryota_odb10/short_summary.txt
Mpronini_TZ	89	87	2	48	118	255	Mpronini_TZ/run_eukaryota_odb10/short_summary.txt
Mpronini_XY	74	71	3	61	120	255	Mpronini_XY/run_eukaryota_odb10/short_summary.txt
