Assembly	# contigs (>= 0 bp)	# contigs (>= 1000 bp)	# contigs (>= 5000 bp)	# contigs (>= 10000 bp)	# contigs (>= 25000 bp)	# contigs (>= 50000 bp)	Total length (>= 0 bp)	Total length (>= 1000 bp)	Total length (>= 5000 bp)	Total length (>= 10000 bp)	Total length (>= 25000 bp)	Total length (>= 50000 bp)	# contigs	Largest contig	Total length	GC (%)	N50	N90	auN	L50	L90	# N's per 100 kbp
GCA_000827895.1	5757	5757	1921	1810	1048	741	150348159	150348159	140112525	139329663	127976971	116822939	5757	1160795	150348159	31.23	149756	12732	210183.5	268	1455	18364.41
GCA_001407335.1	5700	4407	1352	425	31	7	21613347	20685739	13124707	6760503	1260827	513765	5700	153807	21613347	23.57	6350	1677	10177.9	941	3463	1.74
GCA_001455285.1	70914	42763	8671	2634	113	1	173585031	153586368	80332694	38496209	3427985	50567	70914	50567	173585031	28.02	4474	926	6549.6	10039	45508	0.33
GCA_001455295.2	69053	18239	509	59	0	0	68163509	34028660	3707275	813359	0	0	69053	23997	68163509	33.51	998	560	1736.1	18293	56147	6.82
GCA_009887335.1	18330	11246	3530	1429	159	9	61443780	56536953	38854413	23922618	5391334	540079	18330	106326	61443780	28.96	7570	1189	10574.5	2212	10115	0.07
GCA_010108815.2	37922	12855	522	82	10	3	43697446	26654889	4232007	1392678	406966	183184	37920	67459	43696642	27.29	1288	585	2606.2	8598	29828	0.00
GCA_022478855.1	169493	60960	9636	2808	380	59	254310768	206775870	95661821	49246717	14447662	3901386	100771	130643	234480756	22.24	3799	927	7698.8	14605	65384	28050.55
GCA_040938965.1	267	245	210	140	88	54	30224476	30207083	30109825	29595590	28845658	27763188	267	1725202	30224476	29.95	757682	92839	768324.1	14	47	0.00
GCA_040939035.1	377	367	351	320	251	187	26972259	26964933	26922041	26682942	25633695	23210383	376	435456	26971772	29.95	128489	41515	145853.8	70	211	0.00
GCA_041296195.1	1078	1068	967	857	669	566	174590388	174583597	174240449	173415599	170391079	166638280	1078	1827371	174590388	27.58	436980	101611	504919.1	128	434	0.09
GCA_918559645.1	14586	3939	2299	1663	859	329	69794587	66310516	62418945	57823607	44616649	25978527	5506	452519	67382268	24.11	37829	6949	50426.8	507	2001	727.38
GCA_964275015.1	71	71	70	50	26	22	35373497	35373497	35368780	35235093	34857056	34737175	71	9043648	35373497	26.24	2825898	599848	3888710.1	4	13	0.00
GCA_964304625.1	4	4	4	4	3	3	40260978	40260978	40260978	40260978	40242759	40242759	4	17154348	40260978	30.41	12040071	11048340	13941566.8	2	3	78.08
Mepisquamalis_QD	159471	42405	1531	547	98	12	160996201	82999434	16916735	10219925	3573504	812103	159471	107101	160996201	41.19	1031	548	3007.9	39941	128542	13.56
Mepisquamalis_XM	111590	37661	3947	1159	143	18	151048599	101639235	39037030	19837566	5306638	1206693	111590	98141	151048599	38.58	1738	590	5047.5	17265	83637	85.53
Mpronini_TZ	44620	35603	10790	2593	37	0	159153453	152932184	91817061	34841728	1073794	0	42582	47352	158241325	31.13	5878	1662	6945.7	8447	27470	0.00
Mpronini_XY	72285	45044	6194	936	4	0	151049456	133928383	46924576	11708913	111125	0	63294	30431	147037313	31.65	3377	1050	4381.4	12702	43487	0.04
